{
    "loss": [
        0.5167288184165955,
        0.4487442672252655,
        0.08072827756404877,
        0.019209155812859535,
        0.015314701944589615,
        0.014427544549107552,
        0.013209059834480286,
        0.0032956674695014954,
        0.0016361954621970654,
        0.0011233168188482523,
        0.0008582144510000944,
        0.0006589110707864165,
        0.000564493122510612,
        0.00041344499913975596,
        0.00031730090267956257,
        0.00025038281455636024,
        0.00020626628247555345,
        0.00016208724991884083,
        0.00012102830805815756,
        0.0001026098252623342
    ],
    "train_image_classification_accuracy": [
        97.70565193060996,
        98.99272523782876,
        98.82484611080022,
        99.21656407386682,
        99.55232232792389,
        99.66424174594292,
        99.66424174594292,
        99.6082820369334,
        99.72020145495243,
        99.77616116396194,
        99.77616116396194,
        99.72020145495243,
        99.77616116396194,
        99.77616116396194,
        99.83212087297146,
        99.83212087297146,
        99.83212087297146,
        99.88808058198097,
        99.88808058198097,
        99.88808058198097
    ],
    "test_image_classification_accuracy": [
        98.39725243274184,
        99.42759015455066,
        99.37034917000572,
        100.0,
        100.0,
        100.0,
        100.0,
        100.0,
        100.0,
        99.8282770463652,
        100.0,
        100.0,
        99.8282770463652,
        99.8282770463652,
        99.8282770463652,
        99.8282770463652,
        99.8282770463652,
        99.8282770463652,
        99.8282770463652,
        99.8282770463652
    ],
    "time": {
        "time": [
            2.869321346282959,
            5.657080173492432,
            8.47080945968628,
            11.237783908843994,
            14.004754781723022,
            16.699845790863037,
            19.543911695480347,
            22.311607599258423,
            25.13170075416565,
            27.88900065422058,
            30.84396457672119,
            33.78463888168335,
            36.81946110725403,
            39.86235070228577,
            42.80044507980347,
            46.186591148376465,
            49.340776443481445,
            52.15779709815979,
            55.16323137283325,
            57.97786474227905
        ],
        "time_logical": [
            0.0,
            0.0019998550415039062,
            0.0019996166229248047,
            0.0,
            0.0,
            0.0011343955993652344,
            0.0,
            0.00099945068359375,
            0.002000570297241211,
            0.0019998550415039062,
            0.0020029544830322266,
            0.0005030632019042969,
            0.0020003318786621094,
            0.0015091896057128906,
            0.006597280502319336,
            0.0020003318786621094,
            0.0020008087158203125,
            0.0024428367614746094,
            0.001068115234375,
            0.0
        ],
        "time_perception": [
            0.0,
            0.025217771530151367,
            0.019680500030517578,
            0.03375983238220215,
            0.031549692153930664,
            0.02417778968811035,
            0.02852034568786621,
            0.025660276412963867,
            0.022728681564331055,
            0.01734781265258789,
            0.02766132354736328,
            0.01796126365661621,
            0.025403261184692383,
            0.024615049362182617,
            0.010537147521972656,
            0.026554107666015625,
            0.022475004196166992,
            0.026064634323120117,
            0.020910263061523438,
            0.03282666206359863
        ]
    }
}