{
    "loss": [
        0.6931471824645996,
        0.6931471824645996,
        0.5728138089179993,
        0.42970213294029236,
        0.3682876527309418,
        0.36826416850090027,
        0.28985917568206787,
        0.005122215021401644,
        0.00040198463830165565,
        0.0001775744603946805,
        9.954190318239853e-05,
        9.655338362790644e-05,
        3.4133689041482285e-05,
        2.0577466784743592e-05,
        1.409054675605148e-05,
        1.0394343917141668e-05,
        8.07494689070154e-06,
        6.486336587840924e-06,
        5.375150522013428e-06,
        4.508923211687943e-06
    ],
    "train_image_classification_accuracy": [
        51.091214325685506,
        51.371012870733075,
        96.92221600447678,
        99.27252378287633,
        99.44040290990486,
        99.44040290990486,
        99.27252378287633,
        99.77616116396194,
        99.88808058198097,
        99.77616116396194,
        99.88808058198097,
        99.94404029099049,
        99.94404029099049,
        99.94404029099049,
        99.94404029099049,
        99.94404029099049,
        99.94404029099049,
        99.94404029099049,
        99.94404029099049,
        99.94404029099049
    ],
    "test_image_classification_accuracy": [
        49.17000572409845,
        49.79965655409273,
        97.53863766456783,
        99.77103606182027,
        99.94275901545507,
        99.94275901545507,
        99.88551803091013,
        99.8282770463652,
        100.0,
        100.0,
        100.0,
        99.8282770463652,
        99.8282770463652,
        99.8282770463652,
        99.8282770463652,
        99.8282770463652,
        99.8282770463652,
        99.8282770463652,
        99.8282770463652,
        99.8282770463652
    ],
    "time": {
        "time": [
            3.742138147354126,
            7.643367767333984,
            11.341880798339844,
            14.966331481933594,
            18.538582801818848,
            22.182957649230957,
            25.841132402420044,
            29.483830451965332,
            33.11232876777649,
            36.81269860267639,
            40.52957081794739,
            44.238850116729736,
            47.989447355270386,
            52.03915882110596,
            56.66165614128113,
            61.028141260147095,
            65.32397031784058,
            69.4468367099762,
            73.41557288169861,
            77.51550817489624
        ],
        "time_logical": [
            0.016461610794067383,
            0.017159700393676758,
            0.01599907875061035,
            0.01943230628967285,
            0.011503934860229492,
            0.02975320816040039,
            0.013005256652832031,
            0.014999866485595703,
            0.015830516815185547,
            0.01500391960144043,
            0.016260147094726562,
            0.0023581981658935547,
            0.015477418899536133,
            0.0157473087310791,
            0.019756317138671875,
            0.019385337829589844,
            0.0175321102142334,
            0.031752824783325195,
            0.013646125793457031,
            0.013973474502563477
        ],
        "time_perception": [
            0.028374910354614258,
            0.016202688217163086,
            0.028431177139282227,
            0.022248029708862305,
            0.01973438262939453,
            0.014320135116577148,
            0.01791214942932129,
            0.021610021591186523,
            0.02411651611328125,
            0.024147748947143555,
            0.021054744720458984,
            0.024134397506713867,
            0.025730371475219727,
            0.021103382110595703,
            0.0299680233001709,
            0.02987527847290039,
            0.026765823364257812,
            0.018958091735839844,
            0.02295064926147461,
            0.01941061019897461
        ]
    }
}