{"loss": [0.3631632328033447, 0.3609887659549713, 0.3621342182159424, 0.3224829137325287, 0.014475516974925995, 0.011874726973474026, 0.011926126666367054, 0.0046140169724822044, 0.0013735751854255795, 0.0010089462157338858, 0.0005130956997163594, 0.00030166495707817376, 0.00021082434977870435, 0.00020909906015731394, 0.0001602444244781509, 0.00018110923701897264, 0.00016261420387309045, 0.00014771577843930572, 0.00013499549822881818, 0.0001225066080223769], "train_image_classification_accuracy": [97.99732977303071, 99.13217623497998, 99.39919893190921, 99.53271028037383, 99.43257676902537, 99.66622162883846, 99.76635514018692, 99.76635514018692, 99.76635514018692, 99.79973297730307, 99.79973297730307, 99.79973297730307, 99.79973297730307, 99.79973297730307, 99.79973297730307, 99.79973297730307, 99.79973297730307, 99.79973297730307, 99.79973297730307, 99.79973297730307], "test_image_classification_accuracy": [98.82839421088904, 99.37973811164714, 99.51757408683666, 99.65541006202619, 99.75878704341834, 99.8277050310131, 99.8277050310131, 99.8277050310131, 99.8277050310131, 99.8277050310131, 99.8277050310131, 99.8277050310131, 99.8277050310131, 99.8277050310131, 99.8277050310131, 99.8277050310131, 99.8277050310131, 99.8277050310131, 99.8277050310131, 99.8277050310131], "time": {"time": [3.5947368144989014, 7.101237058639526, 10.812283515930176, 14.414316654205322, 18.106577157974243, 21.30156445503235, 24.42237091064453, 27.98128867149353, 31.261420249938965, 34.52898597717285, 37.92825174331665, 41.11349081993103, 44.407941579818726, 47.67249631881714, 51.02596068382263, 54.01443433761597, 57.21715068817139, 60.52130603790283, 63.85552763938904, 67.17236590385437], "time_logical": [0.011324167251586914, 0.009995222091674805, 0.01813483238220215, 0.015076637268066406, 0.01571488380432129, 0.011528730392456055, 0.008810997009277344, 0.01782083511352539, 0.010614633560180664, 0.009999513626098633, 0.0005259513854980469, 0.011276006698608398, 0.009818553924560547, 0.01165914535522461, 0.01201939582824707, 0.01208806037902832, 0.014939546585083008, 0.0119476318359375, 0.010530710220336914, 0.0], "time_perception": [0.02255105972290039, 0.026999235153198242, 0.04377007484436035, 0.01663517951965332, 0.033348798751831055, 0.02105236053466797, 0.022379636764526367, 0.01747894287109375, 0.02111077308654785, 0.02128744125366211, 0.03059697151184082, 0.020414113998413086, 0.027395009994506836, 0.02077174186706543, 0.02456831932067871, 0.026079177856445312, 0.003318309783935547, 0.023133277893066406, 0.018124103546142578, 0.020751953125]}}