{
    "loss": [
        0.5167244076728821,
        0.4487442970275879,
        0.08072829991579056,
        0.019209137186408043,
        0.015314696356654167,
        0.014427528716623783,
        0.013209141790866852,
        0.003295665606856346,
        0.0016361917369067669,
        0.0011233121622353792,
        0.0008582117152400315,
        0.0006589079857803881,
        0.0005644896300509572,
        0.00041344366036355495,
        0.00031729505280964077,
        0.0002503805444575846,
        0.00020626565674319863,
        0.00016208444139920175,
        0.00012102768232580274,
        0.00010261438728775829
    ],
    "train_image_classification_accuracy": [
        97.70565193060996,
        98.99272523782876,
        98.82484611080022,
        99.21656407386682,
        99.55232232792389,
        99.66424174594292,
        99.66424174594292,
        99.6082820369334,
        99.72020145495243,
        99.77616116396194,
        99.77616116396194,
        99.72020145495243,
        99.77616116396194,
        99.77616116396194,
        99.83212087297146,
        99.83212087297146,
        99.83212087297146,
        99.88808058198097,
        99.88808058198097,
        99.88808058198097
    ],
    "test_image_classification_accuracy": [
        98.39725243274184,
        99.42759015455066,
        99.37034917000572,
        100.0,
        100.0,
        100.0,
        100.0,
        100.0,
        100.0,
        99.8282770463652,
        100.0,
        100.0,
        99.8282770463652,
        99.8282770463652,
        99.8282770463652,
        99.8282770463652,
        99.8282770463652,
        99.8282770463652,
        99.8282770463652,
        99.8282770463652
    ],
    "time": {
        "time": [
            2.5882303714752197,
            5.412704706192017,
            8.365070104598999,
            11.182478189468384,
            14.100074529647827,
            17.240485906600952,
            20.115828037261963,
            23.034185886383057,
            26.099677801132202,
            28.97766375541687,
            32.17281937599182,
            34.95145630836487,
            37.897215843200684,
            40.55685210227966,
            43.08022713661194,
            45.834877252578735,
            48.72523760795593,
            51.437092781066895,
            54.48459768295288,
            57.41063451766968
        ],
        "time_logical": [
            0.0,
            0.0,
            0.005000114440917969,
            0.013344287872314453,
            0.005683422088623047,
            0.005665302276611328,
            0.005548000335693359,
            0.0,
            0.008218765258789062,
            0.006951332092285156,
            0.00872349739074707,
            0.006044626235961914,
            0.006000041961669922,
            0.013004779815673828,
            0.0,
            0.00599980354309082,
            0.003999948501586914,
            0.006982564926147461,
            0.00652003288269043,
            0.0
        ],
        "time_perception": [
            0.029322385787963867,
            0.016916990280151367,
            0.020514249801635742,
            0.032801151275634766,
            0.022093534469604492,
            0.022243738174438477,
            0.023110151290893555,
            0.03092026710510254,
            0.024281024932861328,
            0.02517986297607422,
            0.026342391967773438,
            0.023821592330932617,
            0.023003339767456055,
            0.01362919807434082,
            0.0176999568939209,
            0.018449783325195312,
            0.021086692810058594,
            0.02869272232055664,
            0.019727230072021484,
            0.016079425811767578
        ]
    }
}