{"loss": [0.3497275114059448, 0.3525241017341614, 0.34789103269577026, 0.3505396842956543, 0.3473597764968872, 0.37377527356147766, 0.041481535881757736, 0.020293496549129486, 0.0001584053534315899, 0.00011891587928403169, 9.809619223233312e-05, 7.938015187392011e-05, 6.47001143079251e-05, 5.66385751881171e-05, 4.228903344483115e-05, 4.551122401608154e-05, 4.379015081212856e-05, 3.410447607166134e-05, 2.9015376640018076e-05, 2.424067679385189e-05], "train_image_classification_accuracy": [98.33110814419226, 99.23230974632844, 99.13217623497998, 98.73164218958611, 98.99866488651536, 98.73164218958611, 98.73164218958611, 99.46595460614152, 99.59946595460615, 99.59946595460615, 99.6328437917223, 99.6995994659546, 99.6995994659546, 99.6995994659546, 99.6995994659546, 99.79973297730307, 99.83311081441923, 99.83311081441923, 99.86648865153538, 99.86648865153538], "test_image_classification_accuracy": [98.31150930392833, 99.03514817367333, 99.20744314266024, 99.03514817367333, 99.17298414886285, 98.93177119228119, 98.86285320468642, 99.72432804962095, 99.79324603721571, 99.79324603721571, 99.68986905582356, 99.79324603721571, 100.0, 100.0, 100.0, 100.0, 100.0, 100.0, 100.0, 100.0], "time": {"time": [5.708368301391602, 11.209807634353638, 16.65823745727539, 22.229817152023315, 27.88683533668518, 33.44929623603821, 39.262452363967896, 44.83052468299866, 50.85011839866638, 57.051045656204224, 62.65926790237427, 68.17643117904663, 73.57315969467163, 79.11978840827942, 84.84549236297607, 90.93681812286377, 96.41191601753235, 102.03152275085449, 108.17814636230469, 113.0881872177124], "time_logical": [0.040416717529296875, 0.045418500900268555, 0.04248690605163574, 0.05305218696594238, 0.04367256164550781, 0.048128366470336914, 0.047510385513305664, 0.05086708068847656, 0.049729347229003906, 0.055741310119628906, 0.04597783088684082, 0.05219292640686035, 0.05090498924255371, 0.04063057899475098, 0.05728960037231445, 0.037145137786865234, 0.0328516960144043, 0.05359697341918945, 0.09160614013671875, 0.03525876998901367], "time_perception": [0.0213775634765625, 0.016325712203979492, 0.0344240665435791, 0.01474905014038086, 0.018509626388549805, 0.021959304809570312, 0.02882075309753418, 0.024349451065063477, 0.026506900787353516, 0.016088485717773438, 0.015935897827148438, 0.024341106414794922, 0.0, 0.02461409568786621, 0.026018381118774414, 0.02203822135925293, 0.0306549072265625, 0.016771793365478516, 0.021557092666625977, 0.03160905838012695]}}