{"loss": [0.3631630539894104, 0.36098846793174744, 0.3621336817741394, 0.32248395681381226, 0.014433258213102818, 0.01187752466648817, 0.012046067044138908, 0.005133150145411491, 0.0014040482928976417, 0.0010112945456057787, 0.0005072710919193923, 0.0002927456807810813, 0.00020045749261043966, 0.0002005816641030833, 0.00016814362606965005, 0.00017707457300275564, 0.00016942413640208542, 0.00014345267845783383, 0.00013424130156636238, 0.00012561042967718095], "train_image_classification_accuracy": [97.99732977303071, 99.13217623497998, 99.39919893190921, 99.53271028037383, 99.43257676902537, 99.66622162883846, 99.76635514018692, 99.76635514018692, 99.76635514018692, 99.79973297730307, 99.79973297730307, 99.79973297730307, 99.79973297730307, 99.79973297730307, 99.79973297730307, 99.79973297730307, 99.79973297730307, 99.79973297730307, 99.79973297730307, 99.79973297730307], "test_image_classification_accuracy": [98.82839421088904, 99.37973811164714, 99.51757408683666, 99.65541006202619, 99.75878704341834, 99.8277050310131, 99.8277050310131, 99.8277050310131, 99.79324603721571, 99.8277050310131, 99.8277050310131, 99.8277050310131, 99.8277050310131, 99.8277050310131, 99.8277050310131, 99.8277050310131, 99.8277050310131, 99.8277050310131, 99.8277050310131, 99.8277050310131], "time": {"time": [3.0333878993988037, 5.64461612701416, 8.279592990875244, 10.98162055015564, 13.587892293930054, 16.248348236083984, 18.937758445739746, 21.837937116622925, 24.488428592681885, 27.159560203552246, 29.71167826652527, 32.81346273422241, 36.375874519348145, 39.31412124633789, 42.343387842178345, 45.08338499069214, 47.824552059173584, 50.588576316833496, 53.57734656333923, 56.27262830734253], "time_logical": [0.0009999275207519531, 0.0009999275207519531, 0.0009999275207519531, 0.0010378360748291016, 0.0018947124481201172, 0.0, 0.0010008811950683594, 0.0010001659393310547, 0.0009992122650146484, 0.00099945068359375, 0.0019996166229248047, 0.0019998550415039062, 0.0019998550415039062, 0.0, 0.0019996166229248047, 0.00099945068359375, 0.0010182857513427734, 0.0, 0.0009996891021728516, 0.0], "time_perception": [0.022363901138305664, 0.022200822830200195, 0.01799774169921875, 0.024114608764648438, 0.018998384475708008, 0.013108491897583008, 0.02155470848083496, 0.026017189025878906, 0.018519163131713867, 0.021875381469726562, 0.023830890655517578, 0.02200937271118164, 0.02093648910522461, 0.03138613700866699, 0.03156900405883789, 0.023769617080688477, 0.07423114776611328, 0.024269580841064453, 0.0240175724029541, 0.016132831573486328]}}