{
    "loss": [
        0.4860711097717285,
        0.10811066627502441,
        0.014714227989315987,
        0.006021834444254637,
        0.0008445676066912711,
        0.00031231966568157077,
        0.00011842226376757026,
        7.851271220715716e-05,
        4.41364900325425e-05,
        3.614812158048153e-05,
        2.857325307559222e-05,
        2.2428674128605053e-05,
        1.7615295291761868e-05,
        1.3177964319766033e-05,
        1.1275778888375498e-05,
        1.161129057436483e-05,
        9.47932949202368e-06,
        7.99906047177501e-06,
        6.898625542817172e-06,
        6.0259276324359234e-06
    ],
    "train_image_classification_accuracy": [
        97.14605484051484,
        98.99272523782876,
        99.6082820369334,
        99.66424174594292,
        99.77616116396194,
        99.83212087297146,
        99.83212087297146,
        99.83212087297146,
        99.88808058198097,
        99.88808058198097,
        99.88808058198097,
        99.88808058198097,
        99.88808058198097,
        99.88808058198097,
        99.88808058198097,
        99.88808058198097,
        99.88808058198097,
        99.88808058198097,
        99.88808058198097,
        99.88808058198097
    ],
    "test_image_classification_accuracy": [
        97.71036061820263,
        99.42759015455066,
        100.0,
        99.88551803091013,
        99.8282770463652,
        99.8282770463652,
        99.8282770463652,
        99.8282770463652,
        99.8282770463652,
        99.8282770463652,
        99.8282770463652,
        99.8282770463652,
        99.8282770463652,
        100.0,
        100.0,
        99.8282770463652,
        99.8282770463652,
        99.8282770463652,
        99.8282770463652,
        99.8282770463652
    ],
    "time": {
        "time": [
            2.753761053085327,
            5.534405708312988,
            8.514750003814697,
            11.303504228591919,
            14.157592058181763,
            16.917439937591553,
            19.732791662216187,
            22.544710874557495,
            25.27937340736389,
            28.038920164108276,
            30.85033893585205,
            33.56696438789368,
            36.26813054084778,
            39.05735158920288,
            41.81966257095337,
            44.859241247177124,
            48.01769828796387,
            50.687546730041504,
            53.54267859458923,
            56.5226526260376
        ],
        "time_logical": [
            0.00500035285949707,
            0.0,
            0.0,
            0.0039997100830078125,
            0.004004478454589844,
            0.006999969482421875,
            0.006002664566040039,
            0.0,
            0.013504266738891602,
            0.004999399185180664,
            0.0039997100830078125,
            0.003999233245849609,
            0.01563405990600586,
            0.004004240036010742,
            0.008016347885131836,
            0.00599980354309082,
            0.0,
            0.003999948501586914,
            0.0012156963348388672,
            0.004003047943115234
        ],
        "time_perception": [
            0.022999048233032227,
            0.031259775161743164,
            0.013525247573852539,
            0.018750429153442383,
            0.018999814987182617,
            0.025278806686401367,
            0.02230095863342285,
            0.03235363960266113,
            0.014579534530639648,
            0.02700066566467285,
            0.02497553825378418,
            0.019073486328125,
            0.013506174087524414,
            0.023302555084228516,
            0.031783342361450195,
            0.03757166862487793,
            0.013321638107299805,
            0.023574113845825195,
            0.01800060272216797,
            0.021517276763916016
        ]
    }
}