{"loss": [0.14427119493484497, 0.06516686826944351, 0.006411712151020765, 0.0012617271859198809, 0.00224673212505877, 0.0007588057778775692, 0.0004062419175170362, 0.0001748202193994075, 0.00011671848187688738, 0.00010538625065237284, 9.501256135990843e-05, 8.530823106411844e-05, 7.757532875984907e-05, 7.055520836729556e-05, 6.605139788007364e-05, 6.148302782094106e-05, 5.729057011194527e-05, 5.3971602028468624e-05, 5.034335845266469e-05, 4.70297563879285e-05], "train_image_classification_accuracy": [68.21155943293348, 83.86041439476554, 99.10941475826972, 99.29116684841875, 99.54561977462741, 99.56379498364231, 99.63649581970192, 99.72737186477644, 99.76372228280626, 99.76372228280626, 99.76372228280626, 99.76372228280626, 99.80007270083605, 99.80007270083605, 99.80007270083605, 99.80007270083605, 99.80007270083605, 99.80007270083605, 99.80007270083605, 99.80007270083605], "test_image_classification_accuracy": [68.97406559877956, 85.04958047292143, 99.65675057208237, 99.6376811594203, 99.65675057208237, 99.71395881006865, 99.69488939740656, 99.73302822273074, 99.73302822273074, 99.73302822273074, 99.73302822273074, 99.73302822273074, 99.73302822273074, 99.73302822273074, 99.73302822273074, 99.73302822273074, 99.73302822273074, 99.73302822273074, 99.73302822273074, 99.73302822273074], "time": {"time": [4.111890554428101, 8.030389547348022, 12.096537113189697, 15.966887474060059, 20.18215560913086, 24.02619504928589, 27.695270538330078, 31.466702461242676, 35.65544939041138, 39.36647343635559, 42.994237184524536, 46.683942794799805, 50.34782004356384, 53.94635629653931, 58.16199016571045, 62.362964391708374, 66.3496401309967, 70.52066731452942, 74.58172559738159, 78.2040376663208], "time_logical": [0.013168096542358398, 0.014000415802001953, 0.009006023406982422, 0.01878046989440918, 0.01491856575012207, 0.016434907913208008, 0.01375889778137207, 0.012506246566772461, 0.017604827880859375, 0.012372732162475586, 0.0072536468505859375, 0.012542009353637695, 0.010999679565429688, 0.012999296188354492, 0.013516426086425781, 0.018250226974487305, 0.011026144027709961, 0.010999679565429688, 0.012027740478515625, 0.015864133834838867], "time_perception": [0.023904085159301758, 0.026648521423339844, 0.03268742561340332, 0.025066852569580078, 0.019258975982666016, 0.028522729873657227, 0.017806291580200195, 0.025803565979003906, 0.028150081634521484, 0.028996944427490234, 0.028562545776367188, 0.026560068130493164, 0.02520465850830078, 0.025385141372680664, 0.033698081970214844, 0.0353701114654541, 0.036711931228637695, 0.027359485626220703, 0.02418041229248047, 0.03008246421813965]}}