{
    "loss": [
        0.6931471824645996,
        0.6931471824645996,
        0.5728138089179993,
        0.42970213294029236,
        0.3682876527309418,
        0.36826416850090027,
        0.28985917568206787,
        0.005122215021401644,
        0.00040198463830165565,
        0.0001775744603946805,
        9.954190318239853e-05,
        9.655338362790644e-05,
        3.4133689041482285e-05,
        2.0577466784743592e-05,
        1.409054675605148e-05,
        1.0394343917141668e-05,
        8.07494689070154e-06,
        6.486336587840924e-06,
        5.375150522013428e-06,
        4.508923211687943e-06
    ],
    "train_image_classification_accuracy": [
        51.091214325685506,
        51.371012870733075,
        96.92221600447678,
        99.27252378287633,
        99.44040290990486,
        99.44040290990486,
        99.27252378287633,
        99.77616116396194,
        99.88808058198097,
        99.77616116396194,
        99.88808058198097,
        99.94404029099049,
        99.94404029099049,
        99.94404029099049,
        99.94404029099049,
        99.94404029099049,
        99.94404029099049,
        99.94404029099049,
        99.94404029099049,
        99.94404029099049
    ],
    "test_image_classification_accuracy": [
        49.17000572409845,
        49.79965655409273,
        97.53863766456783,
        99.77103606182027,
        99.94275901545507,
        99.94275901545507,
        99.88551803091013,
        99.8282770463652,
        100.0,
        100.0,
        100.0,
        99.8282770463652,
        99.8282770463652,
        99.8282770463652,
        99.8282770463652,
        99.8282770463652,
        99.8282770463652,
        99.8282770463652,
        99.8282770463652,
        99.8282770463652
    ],
    "time": {
        "time": [
            3.9679136276245117,
            7.436713218688965,
            11.41563081741333,
            15.595572233200073,
            19.58898162841797,
            23.149428367614746,
            26.502119302749634,
            29.98844861984253,
            33.458460569381714,
            37.05418872833252,
            40.53521656990051,
            43.99885869026184,
            47.51378655433655,
            50.961349964141846,
            54.438026905059814,
            57.951894998550415,
            61.43487071990967,
            64.93759346008301,
            68.49452590942383,
            71.88945198059082
        ],
        "time_logical": [
            0.02431178092956543,
            0.024362564086914062,
            0.012392044067382812,
            0.019829988479614258,
            0.014316320419311523,
            0.015120744705200195,
            0.013814687728881836,
            0.013237476348876953,
            0.012008190155029297,
            0.016032934188842773,
            0.0149688720703125,
            0.012647390365600586,
            0.010720491409301758,
            0.009107589721679688,
            0.013503789901733398,
            0.02558588981628418,
            0.016002893447875977,
            0.0156252384185791,
            0.01654052734375,
            0.012999773025512695
        ],
        "time_perception": [
            0.021429061889648438,
            0.01772308349609375,
            0.013875961303710938,
            0.02455759048461914,
            0.01806330680847168,
            0.02059149742126465,
            0.019362688064575195,
            0.020876169204711914,
            0.013191461563110352,
            0.018841981887817383,
            0.020687580108642578,
            0.016794443130493164,
            0.025834321975708008,
            0.026735305786132812,
            0.020839691162109375,
            0.015362739562988281,
            0.01903533935546875,
            0.03146052360534668,
            0.030573368072509766,
            0.020004749298095703
        ]
    }
}