{"loss": [0.37310001254081726, 0.043677255511283875, 0.01487143523991108, 0.003013062756508589, 0.0013072267174720764, 0.000940363563131541, 0.0005397608038038015, 0.0004132818430662155, 0.0002711833512876183, 0.0003010364016517997, 0.0002143065066775307, 0.00016358349239453673, 0.00013447731907945126, 0.00010995147749781609, 8.969187183538452e-05, 8.596236148150638e-05, 3.0413075364776887e-05, 3.126974843326025e-05, 2.797892375383526e-05, 3.0686216632602736e-05], "train_image_classification_accuracy": [67.10287168302436, 96.5285350781534, 99.21846601235914, 99.34569247546347, 99.41839331152308, 99.43656852053799, 99.43656852053799, 99.45474372955289, 99.45474372955289, 99.4910941475827, 99.5092693565976, 99.5092693565976, 99.54561977462741, 99.58197019265721, 99.58197019265721, 99.60014540167212, 99.70919665576155, 99.74554707379134, 99.74554707379134, 99.74554707379134], "test_image_classification_accuracy": [67.08619374523265, 97.57818459191456, 99.52326468344775, 99.6186117467582, 99.6186117467582, 99.6186117467582, 99.65675057208237, 99.58047292143402, 99.6376811594203, 99.58047292143402, 99.58047292143402, 99.58047292143402, 99.58047292143402, 99.77116704805492, 99.8283752860412, 99.77116704805492, 99.94279176201373, 99.8093058733791, 99.88558352402745, 99.88558352402745], "time": {"time": [13.582895278930664, 27.142757892608643, 40.487112522125244, 53.80143451690674, 67.09784722328186, 80.56267786026001, 94.12563896179199, 107.3766222000122, 122.58786463737488, 136.11957836151123, 149.82339119911194, 163.6672716140747, 177.0090730190277, 190.67256712913513, 204.03873324394226, 217.3095257282257, 231.30610370635986, 244.60308718681335, 257.8154444694519, 271.2475531101227], "time_logical": [0.16202425956726074, 0.1671278476715088, 0.1565237045288086, 0.1567699909210205, 0.1569502353668213, 0.16704559326171875, 0.16019344329833984, 0.21356558799743652, 0.16392993927001953, 0.16107535362243652, 0.15044665336608887, 0.1592855453491211, 0.14209222793579102, 0.15189862251281738, 0.14982843399047852, 0.1552879810333252, 0.14207839965820312, 0.1619279384613037, 0.1593186855316162, 0.15204930305480957], "time_perception": [0.01592254638671875, 0.016958951950073242, 0.015735626220703125, 0.027323007583618164, 0.02285313606262207, 0.03125786781311035, 0.01574563980102539, 0.03041672706604004, 0.021002531051635742, 0.01563119888305664, 0.02099752426147461, 0.021857261657714844, 0.015633106231689453, 0.024492263793945312, 0.01624298095703125, 0.020143985748291016, 0.0016198158264160156, 0.023821353912353516, 0.022952556610107422, 0.023115873336791992]}}