{"loss": [0.3216075301170349, 0.01896286942064762, 0.01115215290337801, 0.0035692413803189993, 0.0019592028111219406, 0.0009925550548359752, 0.0007893942529335618, 0.0005834854091517627, 0.0005719684413634241, 0.001545524224638939, 0.0007964146789163351, 0.0006687904242426157, 0.0005839888472110033, 0.00048612646060064435, 0.0004701227881014347, 0.0004022593784611672, 0.0003585077356547117, 0.000350815593264997, 0.00030310169677250087, 0.0002763615921139717], "train_image_classification_accuracy": [79.57276368491321, 99.46595460614152, 99.66622162883846, 99.66622162883846, 99.76635514018692, 99.76635514018692, 99.76635514018692, 99.79973297730307, 99.79973297730307, 99.79973297730307, 99.79973297730307, 99.79973297730307, 99.79973297730307, 99.79973297730307, 99.79973297730307, 99.79973297730307, 99.79973297730307, 99.79973297730307, 99.79973297730307, 99.79973297730307], "test_image_classification_accuracy": [80.80634045485871, 99.68986905582356, 99.89662301860785, 99.86216402481048, 99.8277050310131, 99.8277050310131, 99.8277050310131, 99.8277050310131, 99.8277050310131, 99.8277050310131, 99.8277050310131, 99.8277050310131, 99.8277050310131, 99.8277050310131, 99.8277050310131, 99.8277050310131, 99.8277050310131, 99.8277050310131, 99.8277050310131, 99.8277050310131], "time": {"time": [3.24688458442688, 6.249366044998169, 9.612371444702148, 12.932251930236816, 16.79562282562256, 20.1294162273407, 23.348116636276245, 26.413803339004517, 29.646936655044556, 32.72153639793396, 36.01680374145508, 39.33629560470581, 43.05866026878357, 46.77928829193115, 50.43986940383911, 53.91735553741455, 57.18325686454773, 60.39404296875, 63.81475234031677, 67.25910186767578], "time_logical": [0.0069997310638427734, 0.00792837142944336, 0.007142305374145508, 0.006526470184326172, 0.0, 0.0, 0.005209922790527344, 0.0066835880279541016, 0.007281064987182617, 0.006000041961669922, 0.006999492645263672, 0.002836942672729492, 0.007592439651489258, 0.007999897003173828, 0.0069997310638427734, 0.007998943328857422, 0.009998083114624023, 0.007498502731323242, 0.014007329940795898, 0.008432626724243164], "time_perception": [0.02412557601928711, 0.023047447204589844, 0.02298736572265625, 0.0160372257232666, 0.019266843795776367, 0.028698205947875977, 0.012506484985351562, 0.022068262100219727, 0.0273129940032959, 0.02099895477294922, 0.019728899002075195, 0.01735711097717285, 0.024029016494750977, 0.023354768753051758, 0.0241241455078125, 0.026934385299682617, 0.021466493606567383, 0.03289318084716797, 0.01754307746887207, 0.023350000381469727]}}