{"loss": [0.32692891359329224, 0.32551729679107666, 0.3189319372177124, 0.31553134322166443, 0.3143986165523529, 0.31470787525177, 0.31443092226982117, 0.31429600715637207, 0.31439948081970215, 0.3142213225364685, 0.3143215775489807, 0.31433266401290894, 0.31422847509384155, 0.31415867805480957, 0.31425052881240845, 0.3141559660434723, 0.3141276240348816, 0.31418460607528687, 0.3141423463821411, 0.31418442726135254], "train_image_classification_accuracy": [97.16466739367503, 98.56415848782261, 99.0003635041803, 99.32751726644857, 99.25481643038896, 99.38204289349328, 99.38204289349328, 99.36386768447836, 99.41839331152308, 99.41839331152308, 99.41839331152308, 99.41839331152308, 99.43656852053799, 99.41839331152308, 99.41839331152308, 99.41839331152308, 99.41839331152308, 99.40021810250818, 99.38204289349328, 99.43656852053799], "test_image_classification_accuracy": [97.5400457665904, 99.16094584286805, 99.37070938215103, 99.58047292143402, 99.6186117467582, 99.6376811594203, 99.6376811594203, 99.65675057208237, 99.65675057208237, 99.77116704805492, 99.6376811594203, 99.65675057208237, 99.67581998474446, 99.79023646071701, 99.65675057208237, 99.79023646071701, 99.77116704805492, 99.71395881006865, 99.73302822273074, 99.73302822273074], "time": {"time": [3.14982271194458, 5.999057292938232, 8.87747573852539, 11.684767007827759, 14.476125001907349, 17.3422691822052, 20.238184213638306, 23.03838801383972, 25.92703890800476, 28.730468273162842, 31.594779014587402, 34.48260045051575, 37.56558394432068, 40.28839325904846, 43.23115563392639, 46.12124180793762, 49.00710463523865, 51.83453631401062, 54.663817167282104, 57.490848541259766], "time_logical": [0.0010004043579101562, 0.0009984970092773438, 0.0, 0.0019996166229248047, 0.0, 0.0009996891021728516, 0.0010004043579101562, 0.0010001659393310547, 0.0, 0.00099945068359375, 0.0010104179382324219, 0.0, 0.0, 0.0010080337524414062, 0.0, 0.0009999275207519531, 0.0019998550415039062, 0.0, 0.0010001659393310547, 0.0009999275207519531], "time_perception": [0.025562286376953125, 0.022135257720947266, 0.020341873168945312, 0.024158477783203125, 0.014089822769165039, 0.02347731590270996, 0.022562742233276367, 0.026133298873901367, 0.023509502410888672, 0.024947643280029297, 0.025615692138671875, 0.013596057891845703, 0.016155004501342773, 0.017392635345458984, 0.03501462936401367, 0.023526668548583984, 0.02123260498046875, 0.012012720108032227, 0.028894662857055664, 0.02417731285095215]}}