{"loss": [0.32692891359329224, 0.32551729679107666, 0.31893202662467957, 0.31553134322166443, 0.3143986165523529, 0.31470787525177, 0.31443092226982117, 0.31429600715637207, 0.31439948081970215, 0.3142213225364685, 0.3143215775489807, 0.3143326938152313, 0.31422844529151917, 0.31415867805480957, 0.31425052881240845, 0.3141559362411499, 0.3141276240348816, 0.31418460607528687, 0.3141423463821411, 0.31418442726135254], "train_image_classification_accuracy": [97.16466739367503, 98.56415848782261, 99.0003635041803, 99.32751726644857, 99.25481643038896, 99.38204289349328, 99.38204289349328, 99.36386768447836, 99.41839331152308, 99.41839331152308, 99.41839331152308, 99.41839331152308, 99.43656852053799, 99.41839331152308, 99.41839331152308, 99.41839331152308, 99.41839331152308, 99.40021810250818, 99.38204289349328, 99.43656852053799], "test_image_classification_accuracy": [97.5400457665904, 99.16094584286805, 99.37070938215103, 99.58047292143402, 99.6186117467582, 99.6376811594203, 99.6376811594203, 99.65675057208237, 99.65675057208237, 99.77116704805492, 99.6376811594203, 99.65675057208237, 99.67581998474446, 99.79023646071701, 99.65675057208237, 99.79023646071701, 99.77116704805492, 99.71395881006865, 99.73302822273074, 99.73302822273074], "time": {"time": [4.4584431648254395, 9.029830932617188, 13.443954944610596, 17.805593967437744, 22.07684326171875, 26.42425513267517, 31.052059412002563, 35.618077993392944, 39.987141847610474, 44.306973457336426, 48.733784914016724, 53.0868661403656, 57.36729335784912, 61.72326374053955, 66.06335806846619, 70.36037802696228, 74.82458400726318, 78.85734748840332, 82.87683749198914, 87.0266580581665], "time_logical": [0.019840240478515625, 0.022456884384155273, 0.01917743682861328, 0.02212047576904297, 0.02223515510559082, 0.020202159881591797, 0.028737545013427734, 0.020272254943847656, 0.017534732818603516, 0.0212094783782959, 0.021253108978271484, 0.020090103149414062, 0.026796340942382812, 0.012008190155029297, 0.01324319839477539, 0.024070262908935547, 0.022229433059692383, 0.02060246467590332, 0.017004013061523438, 0.020400524139404297], "time_perception": [0.025069475173950195, 0.020900487899780273, 0.024454832077026367, 0.026504039764404297, 0.01944422721862793, 0.03160381317138672, 0.018429279327392578, 0.026650190353393555, 0.025160789489746094, 0.022164106369018555, 0.025775432586669922, 0.02214336395263672, 0.019902467727661133, 0.0339200496673584, 0.03672003746032715, 0.030170202255249023, 0.025246381759643555, 0.022661447525024414, 0.022153139114379883, 0.023108482360839844]}}